<?xml version="1.0" encoding="UTF-8"?>
<beans:beans xmlns="http://www.springframework.org/schema/security"
	xmlns:beans="http://www.springframework.org/schema/beans" xmlns:xsi="http://www.w3.org/2001/XMLSchema-instance"
	xsi:schemaLocation="http://www.springframework.org/schema/beans
http://www.springframework.org/schema/beans/spring-beans-3.0.xsd
http://www.springframework.org/schema/security
http://www.springframework.org/schema/security/spring-security-3.2.xsd">
	<http pattern="/css/**" security="none" />
	<http pattern="/js/**" security="none" />
	<http pattern="/img/**" security="none" />
	<http pattern="/login.isoftbiz*" security="none" />
	
	<http auto-config="true">
		<intercept-url pattern="/Welcome.isoftbiz" access="ROLE_ISOFTBIZ,ROLE_ADMINFZ,ROLE_WHFZ,ROLE_ACCFZ,ROLE_USERFZ,ROLE_ADMIN185,ROLE_WH185,ROLE_ACC185,ROLE_PRODUCTION,ROLE_USER185" />
		<intercept-url pattern="/FreeZoneInfo.isoftbiz" access="ROLE_ISOFTBIZ,ROLE_ADMINFZ" />
		<intercept-url pattern="/CompanyFreeZone.isoftbiz" access="ROLE_ISOFTBIZ,ROLE_ADMINFZ" />
		<intercept-url pattern="/CompanyFreeZoneNew.isoftbiz" access="ROLE_ISOFTBIZ,ROLE_ADMINFZ" />
		<intercept-url pattern="/CompanyFreeZoneEdit.isoftbiz" access="ROLE_ISOFTBIZ,ROLE_ADMINFZ" />
		<intercept-url pattern="/CompanyFreeZoneSearch.isoftbiz" access="ROLE_ISOFTBIZ,ROLE_ADMINFZ" />
		<intercept-url pattern="/UserAccount.isoftbiz" access="ROLE_ISOFTBIZ,ROLE_ADMINFZ"  />
		<intercept-url pattern="/UserNew.isoftbiz" access="ROLE_ISOFTBIZ,ROLE_ADMINFZ"  />
		<intercept-url pattern="/UserEdit.isoftbiz" access="ROLE_ISOFTBIZ,ROLE_ADMINFZ"  />
		<intercept-url pattern="/UserAccountDetail.isoftbiz" access="ROLE_ISOFTBIZ,ROLE_ADMINFZ,ROLE_WHFZ,ROLE_ACCFZ,ROLE_USERFZ,ROLE_ADMIN185,ROLE_WH185,ROLE_ACC185,ROLE_PRODUCTION,ROLE_USER185"  />
		<intercept-url pattern="/UserSearch.isoftbiz" access="ROLE_ISOFTBIZ,ROLE_ADMINFZ"  />
		<intercept-url pattern="/Country.isoftbiz" access="ROLE_ISOFTBIZ,ROLE_ADMINFZ" />
		<intercept-url pattern="/CountryNew.isoftbiz" access="ROLE_ISOFTBIZ,ROLE_ADMINFZ" />
		<intercept-url pattern="/CountryEdit.isoftbiz" access="ROLE_ISOFTBIZ,ROLE_ADMINFZ" />
		<intercept-url pattern="/CountrySearch.isoftbiz" access="ROLE_ISOFTBIZ,ROLE_ADMINFZ" />
		<intercept-url pattern="/Province.isoftbiz" access="ROLE_ISOFTBIZ,ROLE_ADMINFZ" />
		<intercept-url pattern="/ProvinceNew.isoftbiz" access="ROLE_ISOFTBIZ,ROLE_ADMINFZ" />
		<intercept-url pattern="/ProvinceEdit.isoftbiz" access="ROLE_ISOFTBIZ,ROLE_ADMINFZ" />
		<intercept-url pattern="/ProvinceSearch.isoftbiz" access="ROLE_ISOFTBIZ,ROLE_ADMINFZ" />
		<intercept-url pattern="/District.isoftbiz" access="ROLE_ISOFTBIZ,ROLE_ADMINFZ" />
		<intercept-url pattern="/DistrictNew.isoftbiz" access="ROLE_ISOFTBIZ,ROLE_ADMINFZ" />
		<intercept-url pattern="/DistrictEdit.isoftbiz" access="ROLE_ISOFTBIZ,ROLE_ADMINFZ" />
		<intercept-url pattern="/DistrictSearch.isoftbiz" access="ROLE_ISOFTBIZ,ROLE_ADMINFZ" />
		<intercept-url pattern="/Unit.isoftbiz" access="ROLE_ISOFTBIZ,ROLE_ADMINFZ,ROLE_WHFZ,ROLE_ACCFZ,ROLE_ADMIN185,ROLE_WH185,ROLE_ACC185,ROLE_PRODUCTION" />
		<intercept-url pattern="/UnitNew.isoftbiz" access="ROLE_ISOFTBIZ,ROLE_ADMINFZ,ROLE_WHFZ,ROLE_ACCFZ,ROLE_ADMIN185,ROLE_WH185,ROLE_ACC185,ROLE_PRODUCTION" />
		<intercept-url pattern="/UnitEdit.isoftbiz" access="ROLE_ISOFTBIZ,ROLE_ADMINFZ,ROLE_WHFZ,ROLE_ACCFZ,ROLE_ADMIN185,ROLE_WH185,ROLE_ACC185,ROLE_PRODUCTION" />
		<intercept-url pattern="/UnitSearch.isoftbiz" access="ROLE_ISOFTBIZ,ROLE_ADMINFZ,ROLE_WHFZ,ROLE_ACCFZ,ROLE_ADMIN185,ROLE_WH185,ROLE_ACC185,ROLE_PRODUCTION" />
		<intercept-url pattern="/Company.isoftbiz" access="ROLE_ISOFTBIZ,ROLE_ADMINFZ,ROLE_WHFZ,ROLE_ACCFZ,ROLE_ADMIN185,ROLE_WH185,ROLE_ACC185" />
		<intercept-url pattern="/CompanyNew.isoftbiz" access="ROLE_ISOFTBIZ,ROLE_ADMINFZ,ROLE_WHFZ,ROLE_ACCFZ,ROLE_ADMIN185,ROLE_WH185,ROLE_ACC185" />
		<intercept-url pattern="/CompanyEdit.isoftbiz" access="ROLE_ISOFTBIZ,ROLE_ADMINFZ,ROLE_WHFZ,ROLE_ACCFZ,ROLE_ADMIN185,ROLE_WH185,ROLE_ACC185" />
		<intercept-url pattern="/CompanySearch.isoftbiz" access="ROLE_ISOFTBIZ,ROLE_ADMINFZ,ROLE_WHFZ,ROLE_ACCFZ,ROLE_ADMIN185,ROLE_WH185,ROLE_ACC185" />
		<intercept-url pattern="/ItemType.isoftbiz" access="ROLE_ISOFTBIZ,ROLE_ADMINFZ,ROLE_WHFZ,ROLE_ACCFZ,ROLE_USERFZ,ROLE_ADMIN185,ROLE_WH185,ROLE_ACC185,ROLE_PRODUCTION,ROLE_USER185" />
		<intercept-url pattern="/ItemTypeNew.isoftbiz" access="ROLE_ISOFTBIZ,ROLE_ADMINFZ,ROLE_WHFZ,ROLE_ACCFZ" />
		<intercept-url pattern="/ItemTypeEdit.isoftbiz" access="ROLE_ISOFTBIZ,ROLE_ADMINFZ,ROLE_WHFZ,ROLE_ACCFZ" />
		<intercept-url pattern="/ItemGroup.isoftbiz" access="ROLE_ISOFTBIZ,ROLE_ADMINFZ,ROLE_WHFZ,ROLE_ACCFZ,ROLE_ADMIN185,ROLE_WH185,ROLE_ACC185,ROLE_PRODUCTION" />
		<intercept-url pattern="/ItemGroupNew.isoftbiz" access="ROLE_ISOFTBIZ,ROLE_ADMINFZ,ROLE_WHFZ,ROLE_ACCFZ,ROLE_ADMIN185,ROLE_WH185,ROLE_ACC185,ROLE_PRODUCTION" />
		<intercept-url pattern="/ItemGroupEdit.isoftbiz" access="ROLE_ISOFTBIZ,ROLE_ADMINFZ,ROLE_WHFZ,ROLE_ACCFZ,ROLE_ADMIN185,ROLE_WH185,ROLE_ACC185,ROLE_PRODUCTION" />
		<intercept-url pattern="/ItemMaster.isoftbiz" access="ROLE_ISOFTBIZ,ROLE_ADMINFZ,ROLE_WHFZ,ROLE_ACCFZ,ROLE_ADMIN185,ROLE_WH185,ROLE_ACC185,ROLE_PRODUCTION" />
		<intercept-url pattern="/ItemMasterNew.isoftbiz" access="ROLE_ISOFTBIZ,ROLE_ADMINFZ,ROLE_WHFZ,ROLE_ACCFZ,ROLE_ADMIN185,ROLE_WH185,ROLE_ACC185,ROLE_PRODUCTION" />
		<intercept-url pattern="/ItemMasterEdit.isoftbiz" access="ROLE_ISOFTBIZ,ROLE_ADMINFZ,ROLE_WHFZ,ROLE_ACCFZ,ROLE_ADMIN185,ROLE_WH185,ROLE_ACC185,ROLE_PRODUCTION" />
		<intercept-url pattern="/ItemMasterSearch.isoftbiz" access="ROLE_ISOFTBIZ,ROLE_ADMINFZ,ROLE_WHFZ,ROLE_ACCFZ,ROLE_ADMIN185,ROLE_WH185,ROLE_ACC185,ROLE_PRODUCTION" />
		<intercept-url pattern="/Warehouse.isoftbiz" access="ROLE_ISOFTBIZ,ROLE_ADMINFZ,ROLE_WHFZ,ROLE_ACCFZ,ROLE_ADMIN185,ROLE_WH185,ROLE_ACC185,ROLE_PRODUCTION" />
		<intercept-url pattern="/WarehouseNew.isoftbiz" access="ROLE_ISOFTBIZ,ROLE_ADMINFZ,ROLE_WHFZ,ROLE_ACCFZ,ROLE_ADMIN185,ROLE_WH185,ROLE_ACC185,ROLE_PRODUCTION" />
		<intercept-url pattern="/WarehouseEdit.isoftbiz" access="ROLE_ISOFTBIZ,ROLE_ADMINFZ,ROLE_WHFZ,ROLE_ACCFZ,ROLE_ADMIN185,ROLE_WH185,ROLE_ACC185,ROLE_PRODUCTION" />
		<intercept-url pattern="/Location.isoftbiz" access="ROLE_ISOFTBIZ,ROLE_ADMINFZ,ROLE_WHFZ,ROLE_ACCFZ,ROLE_ADMIN185,ROLE_WH185,ROLE_ACC185,ROLE_PRODUCTION" />
		<intercept-url pattern="/LocationNew.isoftbiz" access="ROLE_ISOFTBIZ,ROLE_ADMINFZ,ROLE_WHFZ,ROLE_ACCFZ,ROLE_ADMIN185,ROLE_WH185,ROLE_ACC185,ROLE_PRODUCTION" />
		<intercept-url pattern="/LocationEdit.isoftbiz" access="ROLE_ISOFTBIZ,ROLE_ADMINFZ,ROLE_WHFZ,ROLE_ACCFZ,ROLE_ADMIN185,ROLE_WH185,ROLE_ACC185,ROLE_PRODUCTION" />
		<intercept-url pattern="/RequestImportItemByFreeZone.isoftbiz" access="ROLE_ISOFTBIZ,ROLE_ADMINFZ,ROLE_WHFZ,ROLE_ACCFZ" />
		<intercept-url pattern="/RequestImportItem.isoftbiz" access="ROLE_ISOFTBIZ,ROLE_ADMINFZ,ROLE_WHFZ,ROLE_ACCFZ,ROLE_ADMIN185,ROLE_WH185,ROLE_ACC185" />
		<intercept-url pattern="/RequestImportItemNew.isoftbiz" access="ROLE_ISOFTBIZ,ROLE_WHFZ,ROLE_ACCFZ,ROLE_WH185,ROLE_ACC185" />
		<intercept-url pattern="/RequestImportItemEdit.isoftbiz" access="ROLE_ISOFTBIZ,ROLE_WHFZ,ROLE_ACCFZ,ROLE_WH185,ROLE_ACC185" />
		<intercept-url pattern="/RequestImportItemView.isoftbiz" access="ROLE_ISOFTBIZ,ROLE_ADMINFZ,ROLE_WHFZ,ROLE_ACCFZ,ROLE_ADMIN185,ROLE_WH185,ROLE_ACC185" />
		<intercept-url pattern="/RequestImportItemDetailNew.isoftbiz" access="ROLE_ISOFTBIZ,ROLE_WHFZ,ROLE_ACCFZ,ROLE_WH185,ROLE_ACC185" />
		<intercept-url pattern="/RequestImportItemDetailEdit.isoftbiz" access="ROLE_ISOFTBIZ,ROLE_WHFZ,ROLE_ACCFZ,ROLE_WH185,ROLE_ACC185" />
		<intercept-url pattern="/ReceiveImportItem.isoftbiz" access="ROLE_ISOFTBIZ,ROLE_WHFZ,ROLE_ACCFZ" />
		<intercept-url pattern="/ReceiveImportItemDetail.isoftbiz" access="ROLE_ISOFTBIZ,ROLE_WHFZ,ROLE_ACCFZ" />
		<intercept-url pattern="/ReceiveImportItemByCompany.isoftbiz" access="ROLE_ISOFTBIZ,ROLE_WH185,ROLE_ACC185" />
		<intercept-url pattern="/ReceiveImportItemDetailByCompany.isoftbiz" access="ROLE_ISOFTBIZ,ROLE_WH185,ROLE_ACC185" />
		<intercept-url pattern="/RequestExportItemByFreeZone.isoftbiz" access="ROLE_ISOFTBIZ,ROLE_ADMINFZ,ROLE_WHFZ,ROLE_ACCFZ" />
		<intercept-url pattern="/RequestExportItem.isoftbiz" access="ROLE_ISOFTBIZ,ROLE_ADMINFZ,ROLE_WHFZ,ROLE_ACCFZ,ROLE_ADMIN185,ROLE_WH185,ROLE_ACC185" />
		<intercept-url pattern="/RequestExportItemNew.isoftbiz" access="ROLE_ISOFTBIZ,ROLE_WHFZ,ROLE_ACCFZ,ROLE_WH185,ROLE_ACC185" />
		<intercept-url pattern="/RequestExportItemEdit.isoftbiz" access="ROLE_ISOFTBIZ,ROLE_WHFZ,ROLE_ACCFZ,ROLE_WH185,ROLE_ACC185" />
		<intercept-url pattern="/RequestExportItemView.isoftbiz" access="ROLE_ISOFTBIZ,ROLE_ADMINFZ,ROLE_WHFZ,ROLE_ACCFZ,ROLE_ADMIN185,ROLE_WH185,ROLE_ACC185" />
		<intercept-url pattern="/RequestExportItemDetailNew.isoftbiz" access="ROLE_ISOFTBIZ,ROLE_WHFZ,ROLE_ACCFZ,ROLE_WH185,ROLE_ACC185" />
		<intercept-url pattern="/RequestExportItemDetailEdit.isoftbiz" access="ROLE_ISOFTBIZ,ROLE_WHFZ,ROLE_ACCFZ,ROLE_WH185,ROLE_ACC185" />
		<intercept-url pattern="/CheckExportItem.isoftbiz" access="ROLE_ISOFTBIZ,ROLE_WHFZ,ROLE_ACCFZ" />
		<intercept-url pattern="/CheckExportItemDetail.isoftbiz" access="ROLE_ISOFTBIZ,ROLE_WHFZ,ROLE_ACCFZ" />
		<intercept-url pattern="/ReportImportItem.isoftbiz" access="ROLE_ISOFTBIZ,ROLE_ADMINFZ,ROLE_WHFZ,ROLE_ACCFZ,ROLE_ADMIN185,ROLE_WH185,ROLE_ACC185" />
		<intercept-url pattern="/ReportImportItemPrint.isoftbiz" access="ROLE_ISOFTBIZ,ROLE_ADMINFZ,ROLE_WHFZ,ROLE_ACCFZ,ROLE_ADMIN185,ROLE_WH185,ROLE_ACC185" />
		<intercept-url pattern="/ReportExportItem.isoftbiz" access="ROLE_ISOFTBIZ,ROLE_ADMINFZ,ROLE_WHFZ,ROLE_ACCFZ,ROLE_ADMIN185,ROLE_WH185,ROLE_ACC185" />
		<intercept-url pattern="/ReportExportItemPrint.isoftbiz" access="ROLE_ISOFTBIZ,ROLE_ADMINFZ,ROLE_WHFZ,ROLE_ACCFZ,ROLE_ADMIN185,ROLE_WH185,ROLE_ACC185" />
		<intercept-url pattern="/ReportTransferItem.isoftbiz" access="ROLE_ISOFTBIZ,ROLE_ADMINFZ,ROLE_WHFZ,ROLE_ACCFZ,ROLE_ADMIN185,ROLE_WH185,ROLE_ACC185" />
		<intercept-url pattern="/ReportTransferItemPrint.isoftbiz" access="ROLE_ISOFTBIZ,ROLE_ADMINFZ,ROLE_WHFZ,ROLE_ACCFZ,ROLE_ADMIN185,ROLE_WH185,ROLE_ACC185" />
		<intercept-url pattern="/ReportMovementItem.isoftbiz" access="ROLE_ISOFTBIZ,ROLE_ADMINFZ,ROLE_WHFZ,ROLE_ACCFZ,ROLE_ADMIN185,ROLE_WH185,ROLE_ACC185" />
		<intercept-url pattern="/ReportMovementItemPrint.isoftbiz" access="ROLE_ISOFTBIZ,ROLE_ADMINFZ,ROLE_WHFZ,ROLE_ACCFZ,ROLE_ADMIN185,ROLE_WH185,ROLE_ACC185" />
		<intercept-url pattern="/ProductionStation.isoftbiz" access="ROLE_ISOFTBIZ,ROLE_ADMIN185,ROLE_WH185,ROLE_ACC185,ROLE_PRODUCTION,ROLE_USER185" />
		<intercept-url pattern="/ProductionStationNew.isoftbiz" access="ROLE_ISOFTBIZ,ROLE_ADMIN185,ROLE_PRODUCTION" />
		<intercept-url pattern="/ProductionStationEdit.isoftbiz" access="ROLE_ISOFTBIZ,ROLE_ADMIN185,ROLE_PRODUCTION" />
		<intercept-url pattern="/IssueCase.isoftbiz" access="ROLE_ISOFTBIZ,ROLE_ADMIN185,ROLE_WH185,ROLE_ACC185,ROLE_PRODUCTION,ROLE_USER185" />
		<intercept-url pattern="/IssueCaseNew.isoftbiz" access="ROLE_ISOFTBIZ,ROLE_ADMIN185,ROLE_PRODUCTION" />
		<intercept-url pattern="/IssueCaseEdit.isoftbiz" access="ROLE_ISOFTBIZ,ROLE_ADMIN185,ROLE_PRODUCTION" />
		<intercept-url pattern="/ReceiveMaterial.isoftbiz" access="ROLE_ISOFTBIZ,ROLE_ADMIN185,ROLE_WH185,ROLE_ACC185,ROLE_PRODUCTION,ROLE_USER185" />
		<intercept-url pattern="/ReceiveMaterialNew.isoftbiz" access="ROLE_ISOFTBIZ,ROLE_ADMIN185,ROLE_WH185,ROLE_PRODUCTION" />
		<intercept-url pattern="/ReceiveMaterialEdit.isoftbiz" access="ROLE_ISOFTBIZ,ROLE_ADMIN185,ROLE_WH185,ROLE_PRODUCTION" />
		<intercept-url pattern="/ReceiveMaterialDetailNew.isoftbiz" access="ROLE_ISOFTBIZ,ROLE_ADMIN185,ROLE_WH185,ROLE_PRODUCTION" />
		<intercept-url pattern="/ReceiveMaterialDetailEdit.isoftbiz" access="ROLE_ISOFTBIZ,ROLE_ADMIN185,ROLE_WH185,ROLE_PRODUCTION" />
		<intercept-url pattern="/ChangePassword.isoftbiz" access="ROLE_ISOFTBIZ,ROLE_ADMINFZ,ROLE_WHFZ,ROLE_ACCFZ,ROLE_USERFZ,ROLE_ADMIN185,ROLE_WH185,ROLE_ACC185,ROLE_PRODUCTION,ROLE_USER185" />
		<form-login login-page="/login.isoftbiz" default-target-url="/Welcome.isoftbiz" authentication-failure-url="/loginfailed.isoftbiz" />
		<logout logout-success-url="/logout.isoftbiz" />
		<access-denied-handler error-page="/403.isoftbiz"/>  
	</http>
	<authentication-manager>
		<authentication-provider>
			<jdbc-user-service data-source-ref="dataSource"
				users-by-username-query="SELECT UserCode, UserPassword, EnabledLogin FROM UserAccount WHERE ActiveFlag = 'Y' and UserCode = ?"
				authorities-by-username-query="SELECT u.UserCode, r.ROLE_MAPPING FROM UserAccount u, Roles r WHERE u.RoleID = r.RoleID AND u.UserCode = ?" />
		</authentication-provider>
	</authentication-manager>

	<beans:bean class="org.springframework.security.web.access.expression.DefaultWebSecurityExpressionHandler" />
</beans:beans>