<?xml version="1.0" encoding="UTF-8" ?>
<!DOCTYPE tiles-definitions PUBLIC
"-//Apache Software Foundation//DTD Tiles Configuration 2.0//EN"
"http://tiles.apache.org/dtds/tiles-config_2_0.dtd">
<tiles-definitions>
	<!-- Default Main Template -->
	<definition name=".mainTemplate" template="/WEB-INF/jsp/layout/template.jsp">
		<put-attribute name="title" value="Main" type="string" />
		<put-attribute name="header" value="/WEB-INF/jsp/layout/header.jsp" />
		<put-attribute name="footer" value="/WEB-INF/jsp/layout/footer.jsp" />
		<put-attribute name="body" value="/WEB-INF/jsp/layout/blank.jsp" />
	</definition>
	<definition name="ItemType" extends=".mainTemplate">
		<put-attribute name="title" value="Item Type" type="string" />
		<put-attribute name="body" value="/WEB-INF/jsp/freezone/setupdata/ItemTypeList.jsp" />
	</definition>
	<definition name="ItemTypeNew" extends=".mainTemplate">
		<put-attribute name="title" value="Item Type" type="string" />
		<put-attribute name="body" value="/WEB-INF/jsp/freezone/setupdata/ItemTypeNew.jsp" />
	</definition>
	<definition name="ItemTypeEdit" extends=".mainTemplate">
		<put-attribute name="title" value="Item Type" type="string" />
		<put-attribute name="body" value="/WEB-INF/jsp/freezone/setupdata/ItemTypeEdit.jsp" />
	</definition>
	<definition name="ItemGroup" extends=".mainTemplate">
		<put-attribute name="title" value="Item Group" type="string" />
		<put-attribute name="body" value="/WEB-INF/jsp/freezone/setupdata/ItemGroupList.jsp" />
	</definition>
	<definition name="ItemGroupNew" extends=".mainTemplate">
		<put-attribute name="title" value="Item Group" type="string" />
		<put-attribute name="body" value="/WEB-INF/jsp/freezone/setupdata/ItemGroupNew.jsp" />
	</definition>
	<definition name="ItemGroupEdit" extends=".mainTemplate">
		<put-attribute name="title" value="Item Group" type="string" />
		<put-attribute name="body" value="/WEB-INF/jsp/freezone/setupdata/ItemGroupEdit.jsp" />
	</definition>
	<definition name="ItemMaster" extends=".mainTemplate">
		<put-attribute name="title" value="Item" type="string" />
		<put-attribute name="body" value="/WEB-INF/jsp/freezone/setupdata/ItemMasterList.jsp" />
	</definition>
	<definition name="ItemMasterNew" extends=".mainTemplate">
		<put-attribute name="title" value="Item" type="string" />
		<put-attribute name="body" value="/WEB-INF/jsp/freezone/setupdata/ItemMasterNew.jsp" />
	</definition>
	<definition name="ItemMasterEdit" extends=".mainTemplate">
		<put-attribute name="title" value="Item" type="string" />
		<put-attribute name="body" value="/WEB-INF/jsp/freezone/setupdata/ItemMasterEdit.jsp" />
	</definition>
	<definition name="Warehouse" extends=".mainTemplate">
		<put-attribute name="title" value="Warehouse" type="string" />
		<put-attribute name="body" value="/WEB-INF/jsp/freezone/setupdata/WarehouseList.jsp" />
	</definition>
	<definition name="WarehouseNew" extends=".mainTemplate">
		<put-attribute name="title" value="Warehouse" type="string" />
		<put-attribute name="body" value="/WEB-INF/jsp/freezone/setupdata/WarehouseNew.jsp" />
	</definition>
	<definition name="WarehouseEdit" extends=".mainTemplate">
		<put-attribute name="title" value="Warehouse Edit" type="string" />
		<put-attribute name="body" value="/WEB-INF/jsp/freezone/setupdata/WarehouseEdit.jsp" />
	</definition>
	<definition name="Location" extends=".mainTemplate">
		<put-attribute name="title" value="Location" type="string" />
		<put-attribute name="body" value="/WEB-INF/jsp/freezone/setupdata/LocationList.jsp" />
	</definition>
	<definition name="LocationNew" extends=".mainTemplate">
		<put-attribute name="title" value="Location 184" type="string" />
		<put-attribute name="body" value="/WEB-INF/jsp/freezone/setupdata/LocationNew.jsp" />
	</definition>
	<definition name="LocationEdit" extends=".mainTemplate">
		<put-attribute name="title" value="Location Edit" type="string" />
		<put-attribute name="body" value="/WEB-INF/jsp/freezone/setupdata/LocationEdit.jsp" />
	</definition>
	<definition name="RequestImportItem" extends=".mainTemplate">
		<put-attribute name="title" value="Request Import Item" type="string" />
		<put-attribute name="body" value="/WEB-INF/jsp/freezone/warehouse/RequestImportItemList.jsp" />
	</definition>
	<definition name="RequestImportItemNew" extends=".mainTemplate">
		<put-attribute name="title" value="Request Import Item By 185" type="string" />
		<put-attribute name="body" value="/WEB-INF/jsp/freezone/warehouse/RequestImportItemNew.jsp" />
	</definition>
	<definition name="RequestImportItemEdit" extends=".mainTemplate">
		<put-attribute name="title" value="Request Import Item By 185" type="string" />
		<put-attribute name="body" value="/WEB-INF/jsp/freezone/warehouse/RequestImportItemEdit.jsp" />
	</definition>
	<definition name="RequestImportItemView" extends=".mainTemplate">
		<put-attribute name="title" value="Request Import Item By 185" type="string" />
		<put-attribute name="body" value="/WEB-INF/jsp/freezone/warehouse/RequestImportItemView.jsp" />
	</definition>
	<definition name="RequestImportItemDetailNew" extends=".mainTemplate">
		<put-attribute name="title" value="Request Import Item By 185" type="string" />
		<put-attribute name="body" value="/WEB-INF/jsp/freezone/warehouse/RequestImportItemDetailNew.jsp" />
	</definition>
	<definition name="RequestImportItemDetailEdit" extends=".mainTemplate">
		<put-attribute name="title" value="Request Import Item By 185" type="string" />
		<put-attribute name="body" value="/WEB-INF/jsp/freezone/warehouse/RequestImportItemDetailEdit.jsp" />
	</definition>
	<definition name="LabelReceiveShow" extends=".mainTemplate">
		<put-attribute name="title" value="Print Label Receive" type="string" />
		<put-attribute name="body" value="/WEB-INF/jsp/freezone/warehouse/LabelReceiveShow.jsp" />
	</definition>
	<definition name="ReceiveImportItem" extends=".mainTemplate">
		<put-attribute name="title" value="Receive Import Item" type="string" />
		<put-attribute name="body" value="/WEB-INF/jsp/freezone/warehouse/ReceiveImportItem.jsp" />
	</definition>
	<definition name="ReceiveImportItemDetail" extends=".mainTemplate">
		<put-attribute name="title" value="Receive Import Item" type="string" />
		<put-attribute name="body" value="/WEB-INF/jsp/freezone/warehouse/ReceiveImportItemDetail.jsp" />
	</definition>
	<definition name="ReceiveImportItemByCompany" extends=".mainTemplate">
		<put-attribute name="title" value="Receive Import Item" type="string" />
		<put-attribute name="body" value="/WEB-INF/jsp/freezone/warehouse/ReceiveImportItemByCompany.jsp" />
	</definition>
	<definition name="ReceiveImportItemDetailByCompany" extends=".mainTemplate">
		<put-attribute name="title" value="Receive Import Item" type="string" />
		<put-attribute name="body" value="/WEB-INF/jsp/freezone/warehouse/ReceiveImportItemDetailByCompany.jsp" />
	</definition>
	<definition name="RequestExportItem" extends=".mainTemplate">
		<put-attribute name="title" value="Request Export Item" type="string" />
		<put-attribute name="body" value="/WEB-INF/jsp/freezone/warehouse/RequestExportItemList.jsp" />
	</definition>
	<definition name="RequestExportItemNew" extends=".mainTemplate">
		<put-attribute name="title" value="Request Export Item By 185" type="string" />
		<put-attribute name="body" value="/WEB-INF/jsp/freezone/warehouse/RequestExportItemNew.jsp" />
	</definition>
	<definition name="RequestExportItemEdit" extends=".mainTemplate">
		<put-attribute name="title" value="Request Export Item By 185" type="string" />
		<put-attribute name="body" value="/WEB-INF/jsp/freezone/warehouse/RequestExportItemEdit.jsp" />
	</definition>
	<definition name="RequestExportItemView" extends=".mainTemplate">
		<put-attribute name="title" value="Request Export Item By 185" type="string" />
		<put-attribute name="body" value="/WEB-INF/jsp/freezone/warehouse/RequestExportItemView.jsp" />
	</definition>
	<definition name="RequestExportItemDetailNew" extends=".mainTemplate">
		<put-attribute name="title" value="Request Export Item By 185" type="string" />
		<put-attribute name="body" value="/WEB-INF/jsp/freezone/warehouse/RequestExportItemDetailNew.jsp" />
	</definition>
	<definition name="RequestExportItemDetailEdit" extends=".mainTemplate">
		<put-attribute name="title" value="Request Export Item By 185" type="string" />
		<put-attribute name="body" value="/WEB-INF/jsp/freezone/warehouse/RequestExportItemDetailEdit.jsp" />
	</definition>
	<definition name="CheckExportItem" extends=".mainTemplate">
		<put-attribute name="title" value="Check Export Item" type="string" />
		<put-attribute name="body" value="/WEB-INF/jsp/freezone/warehouse/CheckExportItem.jsp" />
	</definition>
	<definition name="CheckExportItemDetail" extends=".mainTemplate">
		<put-attribute name="title" value="Check Export Item" type="string" />
		<put-attribute name="body" value="/WEB-INF/jsp/freezone/warehouse/CheckExportItemDetail.jsp" />
	</definition>
	<definition name="ReportImportItem" extends=".mainTemplate">
		<put-attribute name="title" value="Report Import Item" type="string" />
		<put-attribute name="body" value="/WEB-INF/jsp/freezone/report/ReportImportItem.jsp" />
	</definition>
	<definition name="ReportImportItemPrint" extends=".mainTemplate">
		<put-attribute name="title" value="Report Import Item" type="string" />
		<put-attribute name="body" value="/WEB-INF/jsp/freezone/report/ReportImportItemPrint.jsp" />
	</definition>
	<definition name="ReportExportItem" extends=".mainTemplate">
		<put-attribute name="title" value="Report Export Item" type="string" />
		<put-attribute name="body" value="/WEB-INF/jsp/freezone/report/ReportExportItem.jsp" />
	</definition>
	<definition name="ReportExportItemPrint" extends=".mainTemplate">
		<put-attribute name="title" value="Report Export Item" type="string" />
		<put-attribute name="body" value="/WEB-INF/jsp/freezone/report/ReportExportItemPrint.jsp" />
	</definition>
	<definition name="ReportTransferItem" extends=".mainTemplate">
		<put-attribute name="title" value="Report Transfer Item" type="string" />
		<put-attribute name="body" value="/WEB-INF/jsp/freezone/report/ReportTransferItem.jsp" />
	</definition>
	<definition name="ReportTransferItemPrint" extends=".mainTemplate">
		<put-attribute name="title" value="Report Transfer Item" type="string" />
		<put-attribute name="body" value="/WEB-INF/jsp/freezone/report/ReportTransferItemPrint.jsp" />
	</definition>
	<definition name="ReportMovementItem" extends=".mainTemplate">
		<put-attribute name="title" value="Report Movement Item" type="string" />
		<put-attribute name="body" value="/WEB-INF/jsp/freezone/report/ReportMovementItem.jsp" />
	</definition>
	<definition name="ReportMovementItemPrint" extends=".mainTemplate">
		<put-attribute name="title" value="Report Transfer Item" type="string" />
		<put-attribute name="body" value="/WEB-INF/jsp/freezone/report/ReportMovementItemPrint.jsp" />
	</definition>
</tiles-definitions>