<?xml version="1.0" encoding="UTF-8" ?>
<!DOCTYPE tiles-definitions PUBLIC
"-//Apache Software Foundation//DTD Tiles Configuration 2.0//EN"
"http://tiles.apache.org/dtds/tiles-config_2_0.dtd">
<tiles-definitions>
	<!-- Default Main Template -->
	<definition name=".mainTemplate" template="/WEB-INF/jsp/layout/template.jsp">
		<put-attribute name="title" value="Main" type="string" />
		<put-attribute name="header" value="/WEB-INF/jsp/layout/header.jsp" />
		<put-attribute name="footer" value="/WEB-INF/jsp/layout/footer.jsp" />
		<put-attribute name="body" value="/WEB-INF/jsp/layout/blank.jsp" />
	</definition>
	<definition name="Country" extends=".mainTemplate">
		<put-attribute name="title" value="Country List" type="string" />
		<put-attribute name="body" value="/WEB-INF/jsp/setupdata/CountryList.jsp" />
	</definition>
	<definition name="CountryNew" extends=".mainTemplate">
		<put-attribute name="title" value="Create New Country" type="string" />
		<put-attribute name="body" value="/WEB-INF/jsp/setupdata/CountryNew.jsp" />
	</definition>
	<definition name="CountryEdit" extends=".mainTemplate">
		<put-attribute name="title" value="Edit Country" type="string" />
		<put-attribute name="body" value="/WEB-INF/jsp/setupdata/CountryEdit.jsp" />
	</definition>
	<definition name="CountrySearch" extends=".mainTemplate">
		<put-attribute name="title" value="Search Country" type="string" />
		<put-attribute name="body" value="/WEB-INF/jsp/setupdata/CountrySearch.jsp" />
	</definition>
	<definition name="Province" extends=".mainTemplate">
		<put-attribute name="title" value="Province List" type="string" />
		<put-attribute name="body" value="/WEB-INF/jsp/setupdata/ProvinceList.jsp" />
	</definition>
	<definition name="ProvinceNew" extends=".mainTemplate">
		<put-attribute name="title" value="Create New Province" type="string" />
		<put-attribute name="body" value="/WEB-INF/jsp/setupdata/ProvinceNew.jsp" />
	</definition>
	<definition name="ProvinceEdit" extends=".mainTemplate">
		<put-attribute name="title" value="Edit Province" type="string" />
		<put-attribute name="body" value="/WEB-INF/jsp/setupdata/ProvinceEdit.jsp" />
	</definition>
	<definition name="ProvinceSearch" extends=".mainTemplate">
		<put-attribute name="title" value="Search Province" type="string" />
		<put-attribute name="body" value="/WEB-INF/jsp/setupdata/ProvinceSearch.jsp" />
	</definition>
	<definition name="District" extends=".mainTemplate">
		<put-attribute name="title" value="District List" type="string" />
		<put-attribute name="body" value="/WEB-INF/jsp/setupdata/DistrictList.jsp" />
	</definition>
	<definition name="DistrictNew" extends=".mainTemplate">
		<put-attribute name="title" value="Create New District" type="string" />
		<put-attribute name="body" value="/WEB-INF/jsp/setupdata/DistrictNew.jsp" />
	</definition>
	<definition name="DistrictEdit" extends=".mainTemplate">
		<put-attribute name="title" value="Edit District" type="string" />
		<put-attribute name="body" value="/WEB-INF/jsp/setupdata/DistrictEdit.jsp" />
	</definition>
	<definition name="DistrictSearch" extends=".mainTemplate">
		<put-attribute name="title" value="Search District" type="string" />
		<put-attribute name="body" value="/WEB-INF/jsp/setupdata/DistrictSearch.jsp" />
	</definition>
	<definition name="Company" extends=".mainTemplate">
		<put-attribute name="title" value="Company List" type="string" />
		<put-attribute name="body" value="/WEB-INF/jsp/setupdata/CompanyList.jsp" />
	</definition>
	<definition name="CompanyNew" extends=".mainTemplate">
		<put-attribute name="title" value="Create New Company" type="string" />
		<put-attribute name="body" value="/WEB-INF/jsp/setupdata/CompanyNew.jsp" />
	</definition>
	<definition name="CompanyEdit" extends=".mainTemplate">
		<put-attribute name="title" value="Edit Company" type="string" />
		<put-attribute name="body" value="/WEB-INF/jsp/setupdata/CompanyEdit.jsp" />
	</definition>
	<definition name="CompanySearch" extends=".mainTemplate">
		<put-attribute name="title" value="Search Company" type="string" />
		<put-attribute name="body" value="/WEB-INF/jsp/setupdata/CompanySearch.jsp" />
	</definition>
	<definition name="Unit" extends=".mainTemplate">
		<put-attribute name="title" value="Unit List" type="string" />
		<put-attribute name="body" value="/WEB-INF/jsp/setupdata/UnitList.jsp" />
	</definition>
	<definition name="UnitNew" extends=".mainTemplate">
		<put-attribute name="title" value="Create New Unit" type="string" />
		<put-attribute name="body" value="/WEB-INF/jsp/setupdata/UnitNew.jsp" />
	</definition>
	<definition name="UnitEdit" extends=".mainTemplate">
		<put-attribute name="title" value="Edit Unit" type="string" />
		<put-attribute name="body" value="/WEB-INF/jsp/setupdata/UnitEdit.jsp" />
	</definition>
	<definition name="UnitSearch" extends=".mainTemplate">
		<put-attribute name="title" value="Search Unit" type="string" />
		<put-attribute name="body" value="/WEB-INF/jsp/setupdata/UnitSearch.jsp" />
	</definition>
</tiles-definitions>