<?xml version="1.0" encoding="UTF-8" ?>
<!DOCTYPE tiles-definitions PUBLIC
"-//Apache Software Foundation//DTD Tiles Configuration 2.0//EN"
"http://tiles.apache.org/dtds/tiles-config_2_0.dtd">
<tiles-definitions>
	<!-- Default Main Template -->
	<definition name=".mainTemplate" template="/WEB-INF/jsp/layout/template.jsp">
		<put-attribute name="title" value="Main" type="string" />
		<put-attribute name="header" value="/WEB-INF/jsp/layout/header.jsp" />
		<put-attribute name="footer" value="/WEB-INF/jsp/layout/footer.jsp" />
		<put-attribute name="body" value="/WEB-INF/jsp/layout/blank.jsp" />
	</definition>
	<definition name="Welcome" extends=".mainTemplate">
		<put-attribute name="title" value="Welcome" type="string" />
		<put-attribute name="body" value="/WEB-INF/jsp/layout/Welcome.jsp" />
	</definition>
	<definition name="UserAccount" extends=".mainTemplate">
		<put-attribute name="title" value="User Account" type="string" />
		<put-attribute name="body" value="/WEB-INF/jsp/admin/UserList.jsp" />
	</definition>
	<definition name="UserNew" extends=".mainTemplate">
		<put-attribute name="title" value="User New" type="string" />
		<put-attribute name="body" value="/WEB-INF/jsp/admin/UserNew.jsp" />
	</definition>
	<definition name="UserEdit" extends=".mainTemplate">
		<put-attribute name="title" value="User Edit" type="string" />
		<put-attribute name="body" value="/WEB-INF/jsp/admin/UserEdit.jsp" />
	</definition>
	<definition name="UserAccountDetail" extends=".mainTemplate">
		<put-attribute name="title" value="User Account Detail" type="string" />
		<put-attribute name="body" value="/WEB-INF/jsp/admin/UserAccountDetail.jsp" />
	</definition>
	<definition name="UserSearch" extends=".mainTemplate">
		<put-attribute name="title" value="User Search" type="string" />
		<put-attribute name="body" value="/WEB-INF/jsp/admin/UserSearch.jsp" />
	</definition>
	<definition name="ChangePassword" extends=".mainTemplate">
		<put-attribute name="title" value="Change Password" type="string" />
		<put-attribute name="body" value="/WEB-INF/jsp/ChangePassword.jsp" />
	</definition>
	<definition name="login" extends=".mainTemplate">
		<put-attribute name="title" value="User Authentication" type="string" />
		<put-attribute name="body" value="/WEB-INF/jsp/login.jsp" />
	</definition>
	<definition name="403" extends=".mainTemplate">
		<put-attribute name="title" value="Access Denied" type="string" />
		<put-attribute name="body" value="/WEB-INF/jsp/403.jsp" />
	</definition>
	<definition name="DuplicateData" extends=".mainTemplate">
		<put-attribute name="title" value="Duplicate Data" type="string" />
		<put-attribute name="body" value="/WEB-INF/jsp/DuplicateData.jsp" />
	</definition>
	<definition name="Info" extends=".mainTemplate">
		<put-attribute name="title" value="Information Data" type="string" />
		<put-attribute name="body" value="/WEB-INF/jsp/Info.jsp" />
	</definition>
	<definition name="Success" extends=".mainTemplate">
		<put-attribute name="title" value="Success" type="string" />
		<put-attribute name="body" value="/WEB-INF/jsp/Success.jsp" />
	</definition>
</tiles-definitions>