<?xml version="1.0" encoding="UTF-8" ?>
<!DOCTYPE tiles-definitions PUBLIC
"-//Apache Software Foundation//DTD Tiles Configuration 2.0//EN"
"http://tiles.apache.org/dtds/tiles-config_2_0.dtd">
<tiles-definitions>
	<!-- Default Main Template -->
	<definition name=".mainTemplate" template="/WEB-INF/jsp/layout/template.jsp">
		<put-attribute name="title" value="Main" type="string" />
		<put-attribute name="header" value="/WEB-INF/jsp/layout/header.jsp" />
		<put-attribute name="footer" value="/WEB-INF/jsp/layout/footer.jsp" />
		<put-attribute name="body" value="/WEB-INF/jsp/layout/blank.jsp" />
	</definition>
	<definition name="FreeZoneInfo" extends=".mainTemplate">
		<put-attribute name="title" value="Phranakorn Free Zone Information" type="string" />
		<put-attribute name="body" value="/WEB-INF/jsp/configuration/FreeZoneInfo.jsp" />
	</definition>
	<definition name="CompanyFreeZone" extends=".mainTemplate">
		<put-attribute name="title" value="Company in Free Zone" type="string" />
		<put-attribute name="body" value="/WEB-INF/jsp/configuration/CompanyFreeZoneList.jsp" />
	</definition>
	<definition name="CompanyFreeZoneNew" extends=".mainTemplate">
		<put-attribute name="title" value="Create Company in Free Zone" type="string" />
		<put-attribute name="body" value="/WEB-INF/jsp/configuration/CompanyFreeZoneNew.jsp" />
	</definition>
	<definition name="CompanyFreeZoneEdit" extends=".mainTemplate">
		<put-attribute name="title" value="Edit Company in Free Zone" type="string" />
		<put-attribute name="body" value="/WEB-INF/jsp/configuration/CompanyFreeZoneEdit.jsp" />
	</definition>
	<definition name="CompanyFreeZoneSearch" extends=".mainTemplate">
		<put-attribute name="title" value="Search Company in Free Zone" type="string" />
		<put-attribute name="body" value="/WEB-INF/jsp/configuration/CompanyFreeZoneSearch.jsp" />
	</definition>
</tiles-definitions>