<?xml version="1.0" encoding="UTF-8" ?>
<!DOCTYPE tiles-definitions PUBLIC
"-//Apache Software Foundation//DTD Tiles Configuration 2.0//EN"
"http://tiles.apache.org/dtds/tiles-config_2_0.dtd">
<tiles-definitions>
	<!-- Default Main Template -->
	<definition name=".mainTemplate" template="/WEB-INF/jsp/layout/template.jsp">
		<put-attribute name="title" value="Main" type="string" />
		<put-attribute name="header" value="/WEB-INF/jsp/layout/header.jsp" />
		<put-attribute name="footer" value="/WEB-INF/jsp/layout/footer.jsp" />
		<put-attribute name="body" value="/WEB-INF/jsp/layout/blank.jsp" />
	</definition>
	<definition name="ProductionStation" extends=".mainTemplate">
		<put-attribute name="title" value="Station" type="string" />
		<put-attribute name="body" value="/WEB-INF/jsp/production/setupdata/ProductionStationList.jsp" />
	</definition>
	<definition name="ProductionStationNew" extends=".mainTemplate">
		<put-attribute name="title" value="Station" type="string" />
		<put-attribute name="body" value="/WEB-INF/jsp/production/setupdata/ProductionStationNew.jsp" />
	</definition>
	<definition name="ProductionStationEdit" extends=".mainTemplate">
		<put-attribute name="title" value="Station" type="string" />
		<put-attribute name="body" value="/WEB-INF/jsp/production/setupdata/ProductionStationEdit.jsp" />
	</definition>
	<definition name="IssueCase" extends=".mainTemplate">
		<put-attribute name="title" value="Issue Case" type="string" />
		<put-attribute name="body" value="/WEB-INF/jsp/production/setupdata/IssueCaseList.jsp" />
	</definition>
	<definition name="IssueCaseNew" extends=".mainTemplate">
		<put-attribute name="title" value="Issue Case" type="string" />
		<put-attribute name="body" value="/WEB-INF/jsp/production/setupdata/IssueCaseNew.jsp" />
	</definition>
	<definition name="IssueCaseEdit" extends=".mainTemplate">
		<put-attribute name="title" value="Issue Case" type="string" />
		<put-attribute name="body" value="/WEB-INF/jsp/production/setupdata/IssueCaseEdit.jsp" />
	</definition>
	<definition name="ReceiveMaterial" extends=".mainTemplate">
		<put-attribute name="title" value="Receive Material" type="string" />
		<put-attribute name="body" value="/WEB-INF/jsp/production/ReceiveMaterialList.jsp" />
	</definition>
	<definition name="ReceiveMaterialNew" extends=".mainTemplate">
		<put-attribute name="title" value="Receive Material" type="string" />
		<put-attribute name="body" value="/WEB-INF/jsp/production/ReceiveMaterialNew.jsp" />
	</definition>
	<definition name="ReceiveMaterialEdit" extends=".mainTemplate">
		<put-attribute name="title" value="Receive Material" type="string" />
		<put-attribute name="body" value="/WEB-INF/jsp/production/ReceiveMaterialEdit.jsp" />
	</definition>
	<definition name="ReceiveMaterialDetailNew" extends=".mainTemplate">
		<put-attribute name="title" value="Receive Material" type="string" />
		<put-attribute name="body" value="/WEB-INF/jsp/production/ReceiveMaterialDetailNew.jsp" />
	</definition>
	<definition name="ReceiveMaterialDetailEdit" extends=".mainTemplate">
		<put-attribute name="title" value="Receive Material" type="string" />
		<put-attribute name="body" value="/WEB-INF/jsp/production/ReceiveMaterialDetailEdit.jsp" />
	</definition>
</tiles-definitions>