<?xml version="1.0" encoding="UTF-8" ?>
<!DOCTYPE tiles-definitions PUBLIC
"-//Apache Software Foundation//DTD Tiles Configuration 2.0//EN"
"http://tiles.apache.org/dtds/tiles-config_2_0.dtd">
<tiles-definitions>
	<!-- Default Main Template -->
	<definition name=".mainTemplate" template="/WEB-INF/jsp/layout/template.jsp">
		<put-attribute name="title" value="Main" type="string" />
		<put-attribute name="header" value="/WEB-INF/jsp/layout/header.jsp" />
		<put-attribute name="footer" value="/WEB-INF/jsp/layout/footer.jsp" />
		<put-attribute name="body" value="/WEB-INF/jsp/layout/blank.jsp" />
	</definition>
	<definition name="Welcome" extends=".mainTemplate">
		<put-attribute name="title" value="Welcome" type="string" />
		<put-attribute name="body" value="/WEB-INF/jsp/layout/Welcome.jsp" />
	</definition>
	<definition name="UserAccount" extends=".mainTemplate">
		<put-attribute name="title" value="User Account" type="string" />
		<put-attribute name="body" value="/WEB-INF/jsp/admin/UserList.jsp" />
	</definition>
	<definition name="UserNew" extends=".mainTemplate">
		<put-attribute name="title" value="User New" type="string" />
		<put-attribute name="body" value="/WEB-INF/jsp/admin/UserNew.jsp" />
	</definition>
	<definition name="UserEdit" extends=".mainTemplate">
		<put-attribute name="title" value="User Edit" type="string" />
		<put-attribute name="body" value="/WEB-INF/jsp/admin/UserEdit.jsp" />
	</definition>
	<definition name="UserSearch" extends=".mainTemplate">
		<put-attribute name="title" value="User Edit" type="string" />
		<put-attribute name="body" value="/WEB-INF/jsp/admin/UserSearch.jsp" />
	</definition>
	<definition name="CountryList" extends=".mainTemplate">
		<put-attribute name="title" value="Country List" type="string" />
		<put-attribute name="body" value="/WEB-INF/jsp/setupdata/CountryList.jsp" />
	</definition>
	<definition name="CountryNew" extends=".mainTemplate">
		<put-attribute name="title" value="Country New" type="string" />
		<put-attribute name="body" value="/WEB-INF/jsp/setupdata/CountryNew.jsp" />
	</definition>
	<definition name="CountryEdit" extends=".mainTemplate">
		<put-attribute name="title" value="Country Edit" type="string" />
		<put-attribute name="body" value="/WEB-INF/jsp/setupdata/CountryEdit.jsp" />
	</definition>
	<definition name="TitleList" extends=".mainTemplate">
		<put-attribute name="title" value="Title List" type="string" />
		<put-attribute name="body" value="/WEB-INF/jsp/setupdata/TitleList.jsp" />
	</definition>
	<definition name="TitleNew" extends=".mainTemplate">
		<put-attribute name="title" value="Title New" type="string" />
		<put-attribute name="body" value="/WEB-INF/jsp/setupdata/TitleNew.jsp" />
	</definition>
	<definition name="TitleEdit" extends=".mainTemplate">
		<put-attribute name="title" value="Title Edit" type="string" />
		<put-attribute name="body" value="/WEB-INF/jsp/setupdata/TitleEdit.jsp" />
	</definition>
	<definition name="PositionList" extends=".mainTemplate">
		<put-attribute name="title" value="Position List" type="string" />
		<put-attribute name="body" value="/WEB-INF/jsp/setupdata/PositionList.jsp" />
	</definition>
	<definition name="PositionNew" extends=".mainTemplate">
		<put-attribute name="title" value="Position New" type="string" />
		<put-attribute name="body" value="/WEB-INF/jsp/setupdata/PositionNew.jsp" />
	</definition>
	<definition name="PositionEdit" extends=".mainTemplate">
		<put-attribute name="title" value="Position Edit" type="string" />
		<put-attribute name="body" value="/WEB-INF/jsp/setupdata/PositionEdit.jsp" />
	</definition>
	<definition name="ChangePassword" extends=".mainTemplate">
		<put-attribute name="title" value="Change Password" type="string" />
		<put-attribute name="body" value="/WEB-INF/jsp/ChangePassword.jsp" />
	</definition>
	<definition name="login" extends=".mainTemplate">
		<put-attribute name="title" value="User Authentication" type="string" />
		<put-attribute name="body" value="/WEB-INF/jsp/login.jsp" />
	</definition>
</tiles-definitions>