<?xml version="1.0" encoding="UTF-8"?>
<beans xmlns="http://www.springframework.org/schema/beans"
	xmlns:xsi="http://www.w3.org/2001/XMLSchema-instance" xmlns:context="http://www.springframework.org/schema/context"
	xmlns:util="http://www.springframework.org/schema/util" xmlns:mvc="http://www.springframework.org/schema/mvc"
	xmlns:p="http://www.springframework.org/schema/p"
	xsi:schemaLocation="http://www.springframework.org/schema/mvc
http://www.springframework.org/schema/mvc/spring-mvc-3.2.xsd
http://www.springframework.org/schema/beans
http://www.springframework.org/schema/beans/spring-beans-3.2.xsd
http://www.springframework.org/schema/util
http://www.springframework.org/schema/util/spring-util-3.2.xsd
http://www.springframework.org/schema/context
http://www.springframework.org/schema/context/spring-context-3.2.xsd">

	<context:annotation-config />
	<context:spring-configured />
	<context:component-scan base-package="com.isoftbiz.admin.*" />
	<context:component-scan base-package="com.isoftbiz.config.*" />
	<context:component-scan base-package="com.isoftbiz.freezone.*" />
	<context:component-scan base-package="com.isoftbiz.main.*" />
	<context:component-scan base-package="com.isoftbiz.production.*" />
	<context:component-scan base-package="com.isoftbiz.setupdata.*" />
	<context:component-scan base-package="com.isoftbiz.tools.*" />
	<bean id="tilesConfigurer" class="org.springframework.web.servlet.view.tiles2.TilesConfigurer">
		<property name="definitions">
			<list>
				<value>classpath:/META-INF/spring-admin-tiles.xml</value>
				<value>classpath:/META-INF/spring-config-tiles.xml</value>
				<value>classpath:/META-INF/spring-freezone-tiles.xml</value>
				<value>classpath:/META-INF/spring-main-tiles.xml</value>
				<value>classpath:/META-INF/spring-production-tiles.xml</value>
				<value>classpath:/META-INF/spring-setupdata-tiles.xml</value>
			</list>
		</property>
	</bean>
	<bean id="jspViewResolver" class="org.springframework.web.servlet.view.UrlBasedViewResolver">
		<property name="viewClass">
			<value>
				org.springframework.web.servlet.view.tiles2.TilesView
			</value>
		</property>
	</bean>
	<bean id="multipartResolver" class="org.springframework.web.multipart.commons.CommonsMultipartResolver">
	    <property name="maxUploadSize" value="10000000"/>
	</bean>
</beans>